{"cameraMode":{"drawMode":0,"name":"Shaded","section":"Shading Mode"},"sceneLighting":true,"audioPlay":false,"sceneViewState":{"showFog":true,"showMaterialUpdate":false,"showSkybox":true,"showFlares":true,"showImageEffects":true,"showParticleSystems":true},"in2DMode":false,"pivot":{"x":-0.03177177906036377,"y":3.1900386810302736,"z":10.204854965209961},"rotation":{"x":-0.08057565242052078,"y":-0.5494050979614258,"z":-0.05382800102233887,"w":0.8305439352989197},"size":1.2279573678970338,"orthographic":false}