{"cameraMode":{"drawMode":0,"name":"Shaded","section":"Shading Mode"},"sceneLighting":true,"audioPlay":false,"sceneViewState":{"showFog":true,"showMaterialUpdate":false,"showSkybox":true,"showFlares":true,"showImageEffects":true,"showParticleSystems":true},"in2DMode":false,"pivot":{"x":-2.334221839904785,"y":1.6628594398498536,"z":-1.1147890090942383},"rotation":{"x":0.14547675848007203,"y":-0.5501061081886292,"z":0.09842437505722046,"w":0.8168364763259888},"size":2.795789957046509,"orthographic":false}