{"cameraMode":{"drawMode":0,"name":"Shaded","section":"Shading Mode"},"sceneLighting":false,"audioPlay":false,"sceneViewState":{"showFog":true,"showMaterialUpdate":false,"showSkybox":false,"showFlares":true,"showImageEffects":true,"showParticleSystems":true},"in2DMode":false,"pivot":{"x":0.0,"y":1.3599998950958253,"z":-0.046968936920166019},"rotation":{"x":-0.019851168617606164,"y":-0.6068642139434815,"z":-0.015216484665870667,"w":0.7950462698936462},"size":1.4014530181884766,"orthographic":false}