{"cameraMode":{"drawMode":0,"name":"Shaded","section":"Shading Mode"},"sceneLighting":false,"audioPlay":false,"sceneViewState":{"showFog":true,"showMaterialUpdate":false,"showSkybox":false,"showFlares":true,"showImageEffects":true,"showParticleSystems":true},"in2DMode":false,"pivot":{"x":2.0668509006500246,"y":0.39466899633407595,"z":1.2340141534805298},"rotation":{"x":-0.05078774318099022,"y":-0.0018998741870746017,"z":0.00009725470590637997,"w":-0.9987131953239441},"size":0.49476951360702517,"orthographic":false}