{"cameraMode":{"drawMode":0,"name":"Shaded","section":"Shading Mode"},"sceneLighting":false,"audioPlay":false,"sceneViewState":{"showFog":true,"showMaterialUpdate":false,"showSkybox":false,"showFlares":true,"showImageEffects":true,"showParticleSystems":true},"in2DMode":false,"pivot":{"x":0.2073901891708374,"y":0.9205811619758606,"z":0.10026669502258301},"rotation":{"x":0.017451949417591096,"y":0.16333718597888947,"z":0.002889202442020178,"w":-0.9864158630371094},"size":1.6067278385162354,"orthographic":false}