{"cameraMode":{"drawMode":0,"name":"Shaded","section":"Shading Mode"},"sceneLighting":false,"audioPlay":false,"sceneViewState":{"showFog":true,"showMaterialUpdate":false,"showSkybox":false,"showFlares":true,"showImageEffects":true,"showParticleSystems":true},"in2DMode":false,"pivot":{"x":0.0,"y":1.3820971250534058,"z":-0.09170818328857422},"rotation":{"x":0.10703093558549881,"y":-0.563356339931488,"z":0.07412907481193543,"w":0.8165205121040344},"size":2.048574686050415,"orthographic":false}