{"cameraMode":{"drawMode":0,"name":"Shaded","section":"Shading Mode"},"sceneLighting":false,"audioPlay":false,"sceneViewState":{"showFog":true,"showMaterialUpdate":false,"showSkybox":false,"showFlares":true,"showImageEffects":true,"showParticleSystems":true},"in2DMode":false,"pivot":{"x":0.0,"y":1.3599998950958253,"z":-0.046968936920166019},"rotation":{"x":-0.04101193696260452,"y":-0.5821800231933594,"z":-0.02947681024670601,"w":0.8121086955070496},"size":1.4014530181884766,"orthographic":false}