{"cameraMode":{"drawMode":0,"name":"Shaded","section":"Shading Mode"},"sceneLighting":true,"audioPlay":false,"sceneViewState":{"showFog":true,"showMaterialUpdate":false,"showSkybox":true,"showFlares":true,"showImageEffects":true,"showParticleSystems":true},"in2DMode":false,"pivot":{"x":0.0,"y":0.7729947566986084,"z":-3.04158353805542},"rotation":{"x":0.13830207288265229,"y":-0.15407796204090119,"z":0.022295251488685609,"w":0.9784508347511292},"size":2.1400740146636965,"orthographic":false}