{"cameraMode":{"drawMode":0,"name":"Shaded","section":"Shading Mode"},"sceneLighting":true,"audioPlay":false,"sceneViewState":{"showFog":true,"showMaterialUpdate":false,"showSkybox":true,"showFlares":true,"showImageEffects":true,"showParticleSystems":true},"in2DMode":false,"pivot":{"x":0.0,"y":0.7729947566986084,"z":-3.04158353805542},"rotation":{"x":0.05141034349799156,"y":0.05745237320661545,"z":-0.003054555505514145,"w":0.9975273013114929},"size":0.9400742053985596,"orthographic":false}