{"cameraMode":{"drawMode":0,"name":"Shaded","section":"Shading Mode"},"sceneLighting":false,"audioPlay":false,"sceneViewState":{"showFog":true,"showMaterialUpdate":false,"showSkybox":false,"showFlares":true,"showImageEffects":true,"showParticleSystems":true},"in2DMode":false,"pivot":{"x":0.0,"y":1.3599998950958253,"z":-0.046968936920166019},"rotation":{"x":0.04800644516944885,"y":-0.47278401255607607,"z":0.025796616449952127,"w":0.8800674080848694},"size":2.301453113555908,"orthographic":false}