{"cameraMode":{"drawMode":0,"name":"Shaded","section":"Shading Mode"},"sceneLighting":false,"audioPlay":false,"sceneViewState":{"showFog":true,"showMaterialUpdate":false,"showSkybox":false,"showFlares":true,"showImageEffects":true,"showParticleSystems":true},"in2DMode":false,"pivot":{"x":0.02027517557144165,"y":1.626115322113037,"z":0.1055915355682373},"rotation":{"x":0.20383049547672273,"y":-0.14429745078086854,"z":0.030614754185080529,"w":0.9683548808097839},"size":2.301452875137329,"orthographic":false}