{"cameraMode":{"drawMode":0,"name":"Shaded","section":"Shading Mode"},"sceneLighting":true,"audioPlay":false,"sceneViewState":{"showFog":true,"showMaterialUpdate":false,"showSkybox":true,"showFlares":true,"showImageEffects":true,"showParticleSystems":true},"in2DMode":false,"pivot":{"x":1.7243188619613648,"y":0.39466899633407595,"z":0.8353767395019531},"rotation":{"x":-0.1109406054019928,"y":0.04976634308695793,"z":-0.005562439560890198,"w":-0.9925655126571655},"size":0.7987160086631775,"orthographic":false}