{"cameraMode":{"drawMode":0,"name":"Shaded","section":"Shading Mode"},"sceneLighting":true,"audioPlay":false,"sceneViewState":{"showFog":true,"showMaterialUpdate":false,"showSkybox":true,"showFlares":true,"showImageEffects":true,"showParticleSystems":true},"in2DMode":false,"pivot":{"x":-5.645621299743652,"y":-11.014808654785157,"z":88.30892181396485},"rotation":{"x":0.13366369903087617,"y":-0.008420131169259549,"z":0.0008499726536683738,"w":0.9915115833282471},"size":41.94350051879883,"orthographic":false}