{"cameraMode":{"drawMode":0,"name":"Shaded","section":"Shading Mode"},"sceneLighting":false,"audioPlay":false,"sceneViewState":{"showFog":true,"showMaterialUpdate":false,"showSkybox":false,"showFlares":true,"showImageEffects":true,"showParticleSystems":true},"in2DMode":false,"pivot":{"x":-0.6542529463768005,"y":0.763632595539093,"z":0.12629464268684388},"rotation":{"x":0.07625856250524521,"y":-0.6229678988456726,"z":0.06137896329164505,"w":0.7767608165740967},"size":2.6014528274536135,"orthographic":false}