{"cameraMode":{"drawMode":0,"name":"Shaded","section":"Shading Mode"},"sceneLighting":true,"audioPlay":false,"sceneViewState":{"showFog":true,"showMaterialUpdate":false,"showSkybox":true,"showFlares":true,"showImageEffects":true,"showParticleSystems":true},"in2DMode":false,"pivot":{"x":-0.03450098633766174,"y":1.4620578289031983,"z":-1.1734939813613892},"rotation":{"x":0.09894759953022003,"y":-0.2666544020175934,"z":0.02811124362051487,"w":0.958752453327179},"size":3.7944626808166506,"orthographic":false}