{"cameraMode":{"drawMode":0,"name":"Shaded","section":"Shading Mode"},"sceneLighting":false,"audioPlay":false,"sceneViewState":{"showFog":true,"showMaterialUpdate":false,"showSkybox":false,"showFlares":true,"showImageEffects":true,"showParticleSystems":true},"in2DMode":false,"pivot":{"x":-0.7689485549926758,"y":1.4034254550933838,"z":6.960312843322754},"rotation":{"x":0.2046794593334198,"y":-0.27712002396583559,"z":0.060564346611499789,"w":0.9373593330383301},"size":3.833036184310913,"orthographic":false}