{"cameraMode":{"drawMode":0,"name":"Shaded","section":"Shading Mode"},"sceneLighting":false,"audioPlay":false,"sceneViewState":{"showFog":true,"showMaterialUpdate":false,"showSkybox":false,"showFlares":true,"showImageEffects":true,"showParticleSystems":true},"in2DMode":false,"pivot":{"x":0.02027517557144165,"y":1.626115322113037,"z":0.1055915355682373},"rotation":{"x":0.14558808505535127,"y":-0.23749017715454102,"z":0.03613942861557007,"w":0.9602663516998291},"size":2.301452875137329,"orthographic":false}